"model";"coordinates";"zoomedEntities";"url";"limit";"assistantInstructions";"extraInstructions";"prompt";"response";"durationCB";"durationOAI";"duration";"waiting";"logTime"
"gpt-4o";"[-3.776206970214844, 40.36498869313837, -3.63149642944336, 40.36498869313837, -3.63149642944336, 40.46862905548299, -3.776206970214844, 40.46862905548299]";"['urn:ngsi-ld:PoI:170', 'urn:ngsi-ld:PoI:213', 'urn:ngsi-ld:PoI:23', 'urn:ngsi-ld:PoI:230', 'urn:ngsi-ld:PoI:240', 'urn:ngsi-ld:PoI:246', 'urn:ngsi-ld:PoI:258', 'urn:ngsi-ld:PoI:287', 'urn:ngsi-ld:PoI:381', 'urn:ngsi-ld:PoI:422']";"http://localhost:1027/http://fiware-orion-ld:1026/ngsi-ld/v1/entities?local=true&type=PoI&options=concise&limit=10&orderBy=relevance&georel=within&geometry=Polygon&coordinates=%5B%5B%5B-3.776206970214844%2C40.36498869313837%5D%2C%5B-3.63149642944336%2C40.36498869313837%5D%2C%5B-3.63149642944336%2C40.46862905548299%5D%2C%5B-3.776206970214844%2C40.46862905548299%5D%2C%5B-3.776206970214844%2C40.36498869313837%5D%5D%5D";"10";"You are a tourist guide in the city from where the data is provided. Also you are expert in NGSI and semantics. You should only answer about the following points of interests that I will provide you in NGSI format. At first, you should only provide the name of the places with not extra detail, unless requested in the prompt message by the user. If you don't know about any place, or you cannot find anything matching the request you should just say that you can't find anything in a expresive and emphatic way related to the asked question.";"You should provide the information in plain text, with natural language understandable by tourists. Please, also consider only the following points of interest when giving advices. Otherwise, just say that you can't find anything. Answer in plain natural text please, no markdown nor HTML. And simple items including only the title, unless requested by the user. Please, If there are NO PoIs, DO NOT GIVE ANY HINT, just say you do not know. Here are the PoIs: ";"Could you please recommend to me the most interesting landmarks or places in Madrid?";"I can suggest the following places of interest in Madrid:. . - Restaurante StreetXO. - Iglesia de Santa María la Real de La Almudena. - Restaurante Sobrino de Botín. - El Retiro. . These locations offer a mix of culinary experiences, historical architecture, and natural beauty. Enjoy your visit!";"30.599999964237213";"[2144.399999976158]";"[3888.2999999523163]";"1";"2024-11-14T08:30:25.403Z"
"gpt-4o";"[-3.776206970214844, 40.36498869313837, -3.63149642944336, 40.36498869313837, -3.63149642944336, 40.46862905548299, -3.776206970214844, 40.46862905548299]";"['urn:ngsi-ld:PoI:170', 'urn:ngsi-ld:PoI:213', 'urn:ngsi-ld:PoI:23', 'urn:ngsi-ld:PoI:230', 'urn:ngsi-ld:PoI:240', 'urn:ngsi-ld:PoI:246', 'urn:ngsi-ld:PoI:258', 'urn:ngsi-ld:PoI:287', 'urn:ngsi-ld:PoI:381', 'urn:ngsi-ld:PoI:422']";"http://localhost:1027/http://fiware-orion-ld:1026/ngsi-ld/v1/entities?local=true&type=PoI&options=concise&limit=10&orderBy=relevance&georel=within&geometry=Polygon&coordinates=%5B%5B%5B-3.776206970214844%2C40.36498869313837%5D%2C%5B-3.63149642944336%2C40.36498869313837%5D%2C%5B-3.63149642944336%2C40.46862905548299%5D%2C%5B-3.776206970214844%2C40.46862905548299%5D%2C%5B-3.776206970214844%2C40.36498869313837%5D%5D%5D";"10";"You are a tourist guide in the city from where the data is provided. Also you are expert in NGSI and semantics. You should only answer about the following points of interests that I will provide you in NGSI format. At first, you should only provide the name of the places with not extra detail, unless requested in the prompt message by the user. If you don't know about any place, or you cannot find anything matching the request you should just say that you can't find anything in a expresive and emphatic way related to the asked question.";"You should provide the information in plain text, with natural language understandable by tourists. Please, also consider only the following points of interest when giving advices. Otherwise, just say that you can't find anything. Answer in plain natural text please, no markdown nor HTML. And simple items including only the title, unless requested by the user. Please, If there are NO PoIs, DO NOT GIVE ANY HINT, just say you do not know. Here are the PoIs: ";"Please, list me the top 5 most relevant sites in Madrid";"Here are the top 5 most relevant sites in Madrid:. . 1. Restaurante StreetXO. 2. Iglesia de Santa María la Real de La Almudena. 3. Hospital Clínico San Carlos. 4. Juzgados de Plaza de Castilla. 5. El Retiro. . These places showcase the diverse attractions that Madrid has to offer. Enjoy your time exploring the city!";"28.400000035762787";"[1297.5, 1587.6000000238419]";"[2322.699999988079, 2612.800000011921]";"1";"2024-11-14T08:30:48.694Z"
"gpt-4o";"[-3.776206970214844, 40.36498869313837, -3.63149642944336, 40.36498869313837, -3.63149642944336, 40.46862905548299, -3.776206970214844, 40.46862905548299]";"['urn:ngsi-ld:PoI:170', 'urn:ngsi-ld:PoI:213', 'urn:ngsi-ld:PoI:23', 'urn:ngsi-ld:PoI:230', 'urn:ngsi-ld:PoI:240', 'urn:ngsi-ld:PoI:246', 'urn:ngsi-ld:PoI:258', 'urn:ngsi-ld:PoI:287', 'urn:ngsi-ld:PoI:381', 'urn:ngsi-ld:PoI:422']";"http://localhost:1027/http://fiware-orion-ld:1026/ngsi-ld/v1/entities?local=true&type=PoI&options=concise&limit=10&orderBy=relevance&georel=within&geometry=Polygon&coordinates=%5B%5B%5B-3.776206970214844%2C40.36498869313837%5D%2C%5B-3.63149642944336%2C40.36498869313837%5D%2C%5B-3.63149642944336%2C40.46862905548299%5D%2C%5B-3.776206970214844%2C40.46862905548299%5D%2C%5B-3.776206970214844%2C40.36498869313837%5D%5D%5D";"10";"You are a tourist guide in the city from where the data is provided. Also you are expert in NGSI and semantics. You should only answer about the following points of interests that I will provide you in NGSI format. At first, you should only provide the name of the places with not extra detail, unless requested in the prompt message by the user. If you don't know about any place, or you cannot find anything matching the request you should just say that you can't find anything in a expresive and emphatic way related to the asked question.";"You should provide the information in plain text, with natural language understandable by tourists. Please, also consider only the following points of interest when giving advices. Otherwise, just say that you can't find anything. Answer in plain natural text please, no markdown nor HTML. And simple items including only the title, unless requested by the user. Please, If there are NO PoIs, DO NOT GIVE ANY HINT, just say you do not know. Here are the PoIs: ";"Please, inform me of all the places I can visit today in Madrid that cost between 10€ and 20€";"I do not know.";"24.80000001192093";"[1134.800000011921]";"[2300.400000035763]";"1";"2024-11-14T08:31:37.064Z"
"gpt-4o";"[-3.776206970214844, 40.36498869313837, -3.63149642944336, 40.36498869313837, -3.63149642944336, 40.46862905548299, -3.776206970214844, 40.46862905548299]";"['urn:ngsi-ld:PoI:170', 'urn:ngsi-ld:PoI:213', 'urn:ngsi-ld:PoI:23', 'urn:ngsi-ld:PoI:230', 'urn:ngsi-ld:PoI:240', 'urn:ngsi-ld:PoI:246', 'urn:ngsi-ld:PoI:258', 'urn:ngsi-ld:PoI:287', 'urn:ngsi-ld:PoI:381', 'urn:ngsi-ld:PoI:422']";"http://localhost:1027/http://fiware-orion-ld:1026/ngsi-ld/v1/entities?local=true&type=PoI&options=concise&limit=10&orderBy=relevance&georel=within&geometry=Polygon&coordinates=%5B%5B%5B-3.776206970214844%2C40.36498869313837%5D%2C%5B-3.63149642944336%2C40.36498869313837%5D%2C%5B-3.63149642944336%2C40.46862905548299%5D%2C%5B-3.776206970214844%2C40.46862905548299%5D%2C%5B-3.776206970214844%2C40.36498869313837%5D%5D%5D";"10";"You are a tourist guide in the city from where the data is provided. Also you are expert in NGSI and semantics. You should only answer about the following points of interests that I will provide you in NGSI format. At first, you should only provide the name of the places with not extra detail, unless requested in the prompt message by the user. If you don't know about any place, or you cannot find anything matching the request you should just say that you can't find anything in a expresive and emphatic way related to the asked question.";"You should provide the information in plain text, with natural language understandable by tourists. Please, also consider only the following points of interest when giving advices. Otherwise, just say that you can't find anything. Answer in plain natural text please, no markdown nor HTML. And simple items including only the title, unless requested by the user. Please, If there are NO PoIs, DO NOT GIVE ANY HINT, just say you do not know. Here are the PoIs: ";"Please, show me some landmarks that are free of charge";"Here are some landmarks in Madrid that are free to visit:. . - Restaurante StreetXO. - Iglesia de Santa María la Real de La Almudena. - Hospital Clínico San Carlos. - Juzgados de Plaza de Castilla. - El Retiro. . Enjoy exploring these wonderful sites in Madrid!";"27.80000001192093";"[2141.899999976158, 2418.199999988079]";"[4728.199999988079, 5004.5]";"2";"2024-11-14T08:32:07.265Z"
"gpt-4o";"[-3.776206970214844, 40.36498869313837, -3.63149642944336, 40.36498869313837, -3.63149642944336, 40.46862905548299, -3.776206970214844, 40.46862905548299]";"['urn:ngsi-ld:PoI:170', 'urn:ngsi-ld:PoI:213', 'urn:ngsi-ld:PoI:23', 'urn:ngsi-ld:PoI:230', 'urn:ngsi-ld:PoI:240', 'urn:ngsi-ld:PoI:246', 'urn:ngsi-ld:PoI:258', 'urn:ngsi-ld:PoI:287', 'urn:ngsi-ld:PoI:381', 'urn:ngsi-ld:PoI:422']";"http://localhost:1027/http://fiware-orion-ld:1026/ngsi-ld/v1/entities?local=true&type=PoI&options=concise&limit=10&orderBy=relevance&georel=within&geometry=Polygon&coordinates=%5B%5B%5B-3.776206970214844%2C40.36498869313837%5D%2C%5B-3.63149642944336%2C40.36498869313837%5D%2C%5B-3.63149642944336%2C40.46862905548299%5D%2C%5B-3.776206970214844%2C40.46862905548299%5D%2C%5B-3.776206970214844%2C40.36498869313837%5D%5D%5D";"10";"You are a tourist guide in the city from where the data is provided. Also you are expert in NGSI and semantics. You should only answer about the following points of interests that I will provide you in NGSI format. At first, you should only provide the name of the places with not extra detail, unless requested in the prompt message by the user. If you don't know about any place, or you cannot find anything matching the request you should just say that you can't find anything in a expresive and emphatic way related to the asked question.";"You should provide the information in plain text, with natural language understandable by tourists. Please, also consider only the following points of interest when giving advices. Otherwise, just say that you can't find anything. Answer in plain natural text please, no markdown nor HTML. And simple items including only the title, unless requested by the user. Please, If there are NO PoIs, DO NOT GIVE ANY HINT, just say you do not know. Here are the PoIs: ";"Please, list some places that are related to sports";"I do not know.";"39.10000002384186";"[1077.5, 1397.3999999761581]";"[2700.600000023842, 3020.5]";"1";"2024-11-14T08:32:43.638Z"
"gpt-4o";"[-3.776206970214844, 40.36498869313837, -3.63149642944336, 40.36498869313837, -3.63149642944336, 40.46862905548299, -3.776206970214844, 40.46862905548299]";"['urn:ngsi-ld:PoI:170', 'urn:ngsi-ld:PoI:213', 'urn:ngsi-ld:PoI:23', 'urn:ngsi-ld:PoI:230', 'urn:ngsi-ld:PoI:240', 'urn:ngsi-ld:PoI:246', 'urn:ngsi-ld:PoI:258', 'urn:ngsi-ld:PoI:287', 'urn:ngsi-ld:PoI:381', 'urn:ngsi-ld:PoI:422']";"http://localhost:1027/http://fiware-orion-ld:1026/ngsi-ld/v1/entities?local=true&type=PoI&options=concise&limit=10&orderBy=relevance&georel=within&geometry=Polygon&coordinates=%5B%5B%5B-3.776206970214844%2C40.36498869313837%5D%2C%5B-3.63149642944336%2C40.36498869313837%5D%2C%5B-3.63149642944336%2C40.46862905548299%5D%2C%5B-3.776206970214844%2C40.46862905548299%5D%2C%5B-3.776206970214844%2C40.36498869313837%5D%5D%5D";"10";"You are a tourist guide in the city from where the data is provided. Also you are expert in NGSI and semantics. You should only answer about the following points of interests that I will provide you in NGSI format. At first, you should only provide the name of the places with not extra detail, unless requested in the prompt message by the user. If you don't know about any place, or you cannot find anything matching the request you should just say that you can't find anything in a expresive and emphatic way related to the asked question.";"You should provide the information in plain text, with natural language understandable by tourists. Please, also consider only the following points of interest when giving advices. Otherwise, just say that you can't find anything. Answer in plain natural text please, no markdown nor HTML. And simple items including only the title, unless requested by the user. Please, If there are NO PoIs, DO NOT GIVE ANY HINT, just say you do not know. Here are the PoIs: ";"Could you please tell me if you know “Museo del Prado”?";"I do not know.";"20.69999998807907";"[1138.300000011921, 1398.6000000238419]";"[2075.899999976158, 2336.199999988079]";"0";"2024-11-14T08:33:05.348Z"
"gpt-4o";"[-3.776206970214844, 40.36498869313837, -3.63149642944336, 40.36498869313837, -3.63149642944336, 40.46862905548299, -3.776206970214844, 40.46862905548299]";"['urn:ngsi-ld:PoI:170', 'urn:ngsi-ld:PoI:213', 'urn:ngsi-ld:PoI:23', 'urn:ngsi-ld:PoI:230', 'urn:ngsi-ld:PoI:240', 'urn:ngsi-ld:PoI:246', 'urn:ngsi-ld:PoI:258', 'urn:ngsi-ld:PoI:287', 'urn:ngsi-ld:PoI:381', 'urn:ngsi-ld:PoI:422']";"http://localhost:1027/http://fiware-orion-ld:1026/ngsi-ld/v1/entities?local=true&type=PoI&options=concise&limit=10&orderBy=relevance&georel=within&geometry=Polygon&coordinates=%5B%5B%5B-3.776206970214844%2C40.36498869313837%5D%2C%5B-3.63149642944336%2C40.36498869313837%5D%2C%5B-3.63149642944336%2C40.46862905548299%5D%2C%5B-3.776206970214844%2C40.46862905548299%5D%2C%5B-3.776206970214844%2C40.36498869313837%5D%5D%5D";"10";"You are a tourist guide in the city from where the data is provided. Also you are expert in NGSI and semantics. You should only answer about the following points of interests that I will provide you in NGSI format. At first, you should only provide the name of the places with not extra detail, unless requested in the prompt message by the user. If you don't know about any place, or you cannot find anything matching the request you should just say that you can't find anything in a expresive and emphatic way related to the asked question.";"You should provide the information in plain text, with natural language understandable by tourists. Please, also consider only the following points of interest when giving advices. Otherwise, just say that you can't find anything. Answer in plain natural text please, no markdown nor HTML. And simple items including only the title, unless requested by the user. Please, If there are NO PoIs, DO NOT GIVE ANY HINT, just say you do not know. Here are the PoIs: ";"Could you please notify me if “Museo del Prado” is free of charge to visit?";"I do not know.";"25.69999998807907";"[2966.300000011921, 3265.300000011921]";"[4787.600000023842, 5086.600000023842]";"2";"2024-11-14T08:35:08.134Z"
"gpt-4o";"[-3.776206970214844, 40.36498869313837, -3.63149642944336, 40.36498869313837, -3.63149642944336, 40.46862905548299, -3.776206970214844, 40.46862905548299]";"['urn:ngsi-ld:PoI:170', 'urn:ngsi-ld:PoI:213', 'urn:ngsi-ld:PoI:23', 'urn:ngsi-ld:PoI:230', 'urn:ngsi-ld:PoI:240', 'urn:ngsi-ld:PoI:246', 'urn:ngsi-ld:PoI:258', 'urn:ngsi-ld:PoI:287', 'urn:ngsi-ld:PoI:381', 'urn:ngsi-ld:PoI:422']";"http://localhost:1027/http://fiware-orion-ld:1026/ngsi-ld/v1/entities?local=true&type=PoI&options=concise&limit=10&orderBy=relevance&georel=within&geometry=Polygon&coordinates=%5B%5B%5B-3.776206970214844%2C40.36498869313837%5D%2C%5B-3.63149642944336%2C40.36498869313837%5D%2C%5B-3.63149642944336%2C40.46862905548299%5D%2C%5B-3.776206970214844%2C40.46862905548299%5D%2C%5B-3.776206970214844%2C40.36498869313837%5D%5D%5D";"10";"You are a tourist guide in the city from where the data is provided. Also you are expert in NGSI and semantics. You should only answer about the following points of interests that I will provide you in NGSI format. At first, you should only provide the name of the places with not extra detail, unless requested in the prompt message by the user. If you don't know about any place, or you cannot find anything matching the request you should just say that you can't find anything in a expresive and emphatic way related to the asked question.";"You should provide the information in plain text, with natural language understandable by tourists. Please, also consider only the following points of interest when giving advices. Otherwise, just say that you can't find anything. Answer in plain natural text please, no markdown nor HTML. And simple items including only the title, unless requested by the user. Please, If there are NO PoIs, DO NOT GIVE ANY HINT, just say you do not know. Here are the PoIs: ";"And would you please tell me if “Museo del Prado” is currently crowded?";"I do not know.";"28.30000001192093";"[842.0999999642372]";"[1862.3999999761581]";"0";"2024-11-14T08:35:25.175Z"
"gpt-4o";"[-3.776206970214844, 40.36498869313837, -3.63149642944336, 40.36498869313837, -3.63149642944336, 40.46862905548299, -3.776206970214844, 40.46862905548299]";"['urn:ngsi-ld:PoI:170', 'urn:ngsi-ld:PoI:213', 'urn:ngsi-ld:PoI:23', 'urn:ngsi-ld:PoI:230', 'urn:ngsi-ld:PoI:240', 'urn:ngsi-ld:PoI:246', 'urn:ngsi-ld:PoI:258', 'urn:ngsi-ld:PoI:287', 'urn:ngsi-ld:PoI:381', 'urn:ngsi-ld:PoI:422']";"http://localhost:1027/http://fiware-orion-ld:1026/ngsi-ld/v1/entities?local=true&type=PoI&options=concise&limit=10&orderBy=relevance&georel=within&geometry=Polygon&coordinates=%5B%5B%5B-3.776206970214844%2C40.36498869313837%5D%2C%5B-3.63149642944336%2C40.36498869313837%5D%2C%5B-3.63149642944336%2C40.46862905548299%5D%2C%5B-3.776206970214844%2C40.46862905548299%5D%2C%5B-3.776206970214844%2C40.36498869313837%5D%5D%5D";"10";"You are a tourist guide in the city from where the data is provided. Also you are expert in NGSI and semantics. You should only answer about the following points of interests that I will provide you in NGSI format. At first, you should only provide the name of the places with not extra detail, unless requested in the prompt message by the user. If you don't know about any place, or you cannot find anything matching the request you should just say that you can't find anything in a expresive and emphatic way related to the asked question.";"You should provide the information in plain text, with natural language understandable by tourists. Please, also consider only the following points of interest when giving advices. Otherwise, just say that you can't find anything. Answer in plain natural text please, no markdown nor HTML. And simple items including only the title, unless requested by the user. Please, If there are NO PoIs, DO NOT GIVE ANY HINT, just say you do not know. Here are the PoIs: ";"Could you please show me places with occupancy less than 50 people and relevance equal to 1";"I do not know.";"21.900000035762787";"[2065.699999988079]";"[3048.199999988079]";"0";"2024-11-14T08:35:38.590Z"
"gpt-4o";"[-3.776206970214844, 40.36498869313837, -3.63149642944336, 40.36498869313837, -3.63149642944336, 40.46862905548299, -3.776206970214844, 40.46862905548299]";"['urn:ngsi-ld:PoI:170', 'urn:ngsi-ld:PoI:213', 'urn:ngsi-ld:PoI:23', 'urn:ngsi-ld:PoI:230', 'urn:ngsi-ld:PoI:240', 'urn:ngsi-ld:PoI:246', 'urn:ngsi-ld:PoI:258', 'urn:ngsi-ld:PoI:287', 'urn:ngsi-ld:PoI:381', 'urn:ngsi-ld:PoI:422']";"http://localhost:1027/http://fiware-orion-ld:1026/ngsi-ld/v1/entities?local=true&type=PoI&options=concise&limit=10&orderBy=relevance&georel=within&geometry=Polygon&coordinates=%5B%5B%5B-3.776206970214844%2C40.36498869313837%5D%2C%5B-3.63149642944336%2C40.36498869313837%5D%2C%5B-3.63149642944336%2C40.46862905548299%5D%2C%5B-3.776206970214844%2C40.46862905548299%5D%2C%5B-3.776206970214844%2C40.36498869313837%5D%5D%5D";"10";"You are a tourist guide in the city from where the data is provided. Also you are expert in NGSI and semantics. You should only answer about the following points of interests that I will provide you in NGSI format. At first, you should only provide the name of the places with not extra detail, unless requested in the prompt message by the user. If you don't know about any place, or you cannot find anything matching the request you should just say that you can't find anything in a expresive and emphatic way related to the asked question.";"You should provide the information in plain text, with natural language understandable by tourists. Please, also consider only the following points of interest when giving advices. Otherwise, just say that you can't find anything. Answer in plain natural text please, no markdown nor HTML. And simple items including only the title, unless requested by the user. Please, If there are NO PoIs, DO NOT GIVE ANY HINT, just say you do not know. Here are the PoIs: ";"Could you please show me places that have an occupancy of not less than 50 people and its relevance is not 1? . O";"I do not know.";"30.400000035762787";"[803, 1105.1000000238419]";"[2062, 2364.100000023842]";"0";"2024-11-14T08:35:48.737Z"
"gpt-4o";"[-3.776206970214844, 40.36498869313837, -3.63149642944336, 40.36498869313837, -3.63149642944336, 40.46862905548299, -3.776206970214844, 40.46862905548299]";"['urn:ngsi-ld:PoI:170', 'urn:ngsi-ld:PoI:213', 'urn:ngsi-ld:PoI:23', 'urn:ngsi-ld:PoI:230', 'urn:ngsi-ld:PoI:240', 'urn:ngsi-ld:PoI:246', 'urn:ngsi-ld:PoI:258', 'urn:ngsi-ld:PoI:287', 'urn:ngsi-ld:PoI:381', 'urn:ngsi-ld:PoI:422']";"http://localhost:1027/http://fiware-orion-ld:1026/ngsi-ld/v1/entities?local=true&type=PoI&options=concise&limit=10&orderBy=relevance&georel=within&geometry=Polygon&coordinates=%5B%5B%5B-3.776206970214844%2C40.36498869313837%5D%2C%5B-3.63149642944336%2C40.36498869313837%5D%2C%5B-3.63149642944336%2C40.46862905548299%5D%2C%5B-3.776206970214844%2C40.46862905548299%5D%2C%5B-3.776206970214844%2C40.36498869313837%5D%5D%5D";"10";"You are a tourist guide in the city from where the data is provided. Also you are expert in NGSI and semantics. You should only answer about the following points of interests that I will provide you in NGSI format. At first, you should only provide the name of the places with not extra detail, unless requested in the prompt message by the user. If you don't know about any place, or you cannot find anything matching the request you should just say that you can't find anything in a expresive and emphatic way related to the asked question.";"You should provide the information in plain text, with natural language understandable by tourists. Please, also consider only the following points of interest when giving advices. Otherwise, just say that you can't find anything. Answer in plain natural text please, no markdown nor HTML. And simple items including only the title, unless requested by the user. Please, If there are NO PoIs, DO NOT GIVE ANY HINT, just say you do not know. Here are the PoIs: ";"Could you please show me places with occupancy less than 50 OR relevance equal to 1?";"Here are the places with relevance equal to 1 since I do not have information on places with occupancy less than 50:. . - Restaurante StreetXO. - Iglesia de Santa María la Real de La Almudena. - Hospital Clínico San Carlos. - Juzgados de Plaza de Castilla. - Retaurante El Club Allard. - Restaurante Sobrino de Botín. - Hospital Universitario 12 de Octubre. - Universidad Politécnica de Madrid (UPM). - Restaurante Botín. - El Retiro. . These sites offer a wide variety of experiences in Madrid.";"29.799999952316284";"[1995.1000000238419]";"[3515.5]";"2";"2024-11-14T08:36:00.155Z"
"gpt-4o";"[-3.776206970214844, 40.36498869313837, -3.63149642944336, 40.36498869313837, -3.63149642944336, 40.46862905548299, -3.776206970214844, 40.46862905548299]";"['urn:ngsi-ld:PoI:170', 'urn:ngsi-ld:PoI:213', 'urn:ngsi-ld:PoI:23', 'urn:ngsi-ld:PoI:230', 'urn:ngsi-ld:PoI:240', 'urn:ngsi-ld:PoI:246', 'urn:ngsi-ld:PoI:258', 'urn:ngsi-ld:PoI:287', 'urn:ngsi-ld:PoI:381', 'urn:ngsi-ld:PoI:422']";"http://localhost:1027/http://fiware-orion-ld:1026/ngsi-ld/v1/entities?local=true&type=PoI&options=concise&limit=10&orderBy=relevance&georel=within&geometry=Polygon&coordinates=%5B%5B%5B-3.776206970214844%2C40.36498869313837%5D%2C%5B-3.63149642944336%2C40.36498869313837%5D%2C%5B-3.63149642944336%2C40.46862905548299%5D%2C%5B-3.776206970214844%2C40.46862905548299%5D%2C%5B-3.776206970214844%2C40.36498869313837%5D%5D%5D";"10";"You are a tourist guide in the city from where the data is provided. Also you are expert in NGSI and semantics. You should only answer about the following points of interests that I will provide you in NGSI format. At first, you should only provide the name of the places with not extra detail, unless requested in the prompt message by the user. If you don't know about any place, or you cannot find anything matching the request you should just say that you can't find anything in a expresive and emphatic way related to the asked question.";"You should provide the information in plain text, with natural language understandable by tourists. Please, also consider only the following points of interest when giving advices. Otherwise, just say that you can't find anything. Answer in plain natural text please, no markdown nor HTML. And simple items including only the title, unless requested by the user. Please, If there are NO PoIs, DO NOT GIVE ANY HINT, just say you do not know. Here are the PoIs: ";"Could you please show me places that are not occupied by less than 50 people or do not have a relevance of 1?";"I do not know.";"25.400000035762787";"[942.6999999880791]";"[2048.199999988079]";"0";"2024-11-14T08:36:13.856Z"
